{
  "eye": {
    "orientation": [
      0.01688452437520027,
      -0.10392176359891891,
      0.025199374184012413,
      0.9941228628158569
    ],
    "magnitude": 0.3842877149581909,
    "position": [
      272.7088317871094,
      312.82568359375,
      1843.340576171875
    ]
  },
  "radius": 793.2212524414062,
  "type": "PERSPECTIVE"
}