{
  "eye": {
    "orientation": [
      0,
      0,
      0,
      1
    ],
    "magnitude": 0.3477333188056946,
    "position": [
      640,
      360,
      1886.4425048828125
    ]
  },
  "radius": 793.2212524414062,
  "type": "PERSPECTIVE"
}