{
  "eye": {
    "orientation": [
      0.0546223521232605,
      -0.2518879175186157,
      0.07431239634752274,
      0.9633517861366272
    ],
    "magnitude": 0.5773502588272095,
    "position": [
      -116.80169677734375,
      133.7763671875,
      1675.8177490234375
    ]
  },
  "radius": 793.2212524414062,
  "type": "PERSPECTIVE"
}