{
  "eye": {
    "orientation": [
      0.008558036759495735,
      -0.1195036843419075,
      -0.70648193359375,
      0.6975163221359253
    ],
    "magnitude": 1,
    "position": [
      702.0328979492188,
      534.1669921875,
      345.40728759765625
    ]
  },
  "radius": 793.2212524414062,
  "type": "PERSPECTIVE"
}