{
  "eye": {
    "orientation": [
      -0.04615107551217079,
      0.04444478452205658,
      -0.007988657802343369,
      0.9979133605957031
    ],
    "magnitude": 0.3566495180130005,
    "position": [
      791.0263061523438,
      503.173828125,
      1872.73876953125
    ]
  },
  "radius": 793.2212524414062,
  "type": "PERSPECTIVE"
}