{
  "eye": {
    "orientation": [
      0.07306237518787384,
      -0.008500042371451855,
      0.01921905018389225,
      0.9971060156822205
    ],
    "magnitude": 0.3655537962913513,
    "position": [
      682.6657104492188,
      171.3584442138672,
      1876.5537109375
    ]
  },
  "radius": 793.2212524414062,
  "type": "PERSPECTIVE"
}